inflation_regime,XLB,XLC,XLE,XLF,XLI,XLK,XLP,XLRE,XLU,XLV,XLY
high,0.15953470020912275,0.15908735436326116,0.1385188212463,0.18023189856426014,0.1764007493196471,0.26370191165651535,0.10859744275310845,0.13425210038731716,0.1573298678309334,0.1226458442245133,0.1551874649561089
low,0.10084359533617038,,0.1590786830924822,0.09515784096757196,0.09596998952080837,0.020986259665976004,0.06958551789949707,,0.08469827504283445,0.07512682916368729,0.11408798006260557
