vix_regime,XLB,XLC,XLE,XLF,XLI,XLK,XLP,XLRE,XLU,XLV,XLY
calm,0.2627910245918017,0.41084102856641413,0.29912328807103394,0.30593513356842506,0.294724602299097,0.3208752084562345,0.17735160757418855,0.28533796431990766,0.21821097924265498,0.22421748953708032,0.31152297293896236
stress,-0.357285756496329,-0.4209129844368632,-0.35891190015399177,-0.4511193556981079,-0.40202041017683254,-0.44351970028521936,-0.2145130042584582,-0.4761436332256306,-0.26457724866914367,-0.3122659264690182,-0.4134293369647035
