rate_regime,XLB,XLC,XLE,XLF,XLI,XLK,XLP,XLRE,XLU,XLV,XLY
falling,0.1515220261623058,0.11111064842924434,0.18535946934726688,0.05298503426408496,0.09844574539728845,0.10538205134331524,0.05846381036079085,0.10229786985263867,0.042023667138126,0.08905240990137475,0.10747488337552236
rising,0.07559712179177436,0.18541704395138225,0.09439105721219176,0.1454566685646268,0.1277600202965985,0.12673768569445043,0.11239471647814181,0.09184037560654357,0.15572971943777691,0.09939539445327528,0.13399095067103128
