vix_regime,XLB,XLC,XLE,XLF,XLI,XLK,XLP,XLRE,XLU,XLV,XLY
calm,0.28312792218052096,0.42300322368015064,0.32340815537522904,0.33072346039260103,0.31460919237688145,0.3284295959415724,0.18179092637963845,0.31140642605001423,0.22543344821453992,0.22650936819387013,0.32272233823376406
stress,-0.34222755322259213,-0.4235164139018759,-0.3604681674373952,-0.4191791599576381,-0.3923322682733602,-0.43449391921259595,-0.23133066458102192,-0.41956663789086723,-0.2388667258180196,-0.31172050788423544,-0.4061464361032058
