inflation_regime,XLB,XLC,XLE,XLF,XLI,XLK,XLP,XLRE,XLU,XLV,XLY
high,0.11214931251267446,0.15271416810604577,0.11062210433019537,0.14182431715717048,0.14732565331857228,0.24613025777773534,0.09619878473329524,0.09558797417366716,0.13730959033510648,0.11125896964173076,0.14332902395564862
low,0.1045236527027853,,0.15254271245768747,0.07332135244777427,0.0881056334556618,0.018587517361923656,0.08216968730243002,,0.07790835645674443,0.08116997982765617,0.10488443960869476
