macro_regime,XLB,XLC,XLE,XLF,XLI,XLK,XLP,XLRE,XLU,XLV,XLY
High Inflation / Falling Rates,0.2463949048667622,0.14234034095684067,0.3788493347817694,0.2404296350350017,0.19696465031592747,0.3324195233215359,0.12452135004403786,0.1811322462142,0.1950015176461688,0.127438841267985,0.17491763839878272
High Inflation / Rising Rates,0.11795253145466789,0.17198269122597498,0.0334142854051358,0.15092113796564277,0.16614097484075385,0.23032338691629817,0.10063434423146633,0.10878720553839005,0.1387411403857397,0.12023094651395816,0.14534074329101143
Low Inflation / Falling Rates,0.11516641961480967,,0.11042671479914734,0.01887122520680551,0.06286354226927848,0.009603234048744413,0.008725047887513826,,-0.015152077759403748,0.053203517209549744,0.09391939094775759
Low Inflation / Rising Rates,0.08555294484271281,,0.21411275453701006,0.18411695423890584,0.13294809279122743,0.03344644595292867,0.1395602005892813,,0.2041170819803404,0.09935954926929602,0.13632726160456565
