rate_regime,XLB,XLC,XLE,XLF,XLI,XLK,XLP,XLRE,XLU,XLV,XLY
falling,0.15997356771532312,0.14234034095684067,0.198916063181805,0.09239818162551705,0.10853727237353072,0.11384490631321653,0.04829663348424362,0.1811322462142,0.05466847782692996,0.0789121246165112,0.12193967832646324
rising,0.10292629080678761,0.17198269122597498,0.11296793668053584,0.16607910308709806,0.1507490092835897,0.13547833836472578,0.11837836369656518,0.10878720553839005,0.16837204061282818,0.11057862768753712,0.14118447686115498
