vix_regime,XLB,XLC,XLE,XLF,XLI,XLK,XLP,XLRE,XLU,XLV,XLY
calm,0.28506535689491597,0.4294110490798573,0.32067257045011077,0.33141397409108087,0.3166852668701232,0.32414461811483464,0.18104764930078288,0.3116309663792569,0.22669483237898547,0.22960459012495682,0.3232467183782093
stress,-0.3422260206209964,-0.4235173600399492,-0.3604683255912319,-0.4191797201968035,-0.39233237881325267,-0.43449390422358436,-0.2313309146936623,-0.4195678926606198,-0.23886814907376364,-0.31172005434807093,-0.4061470044146762
