macro_regime,XLB,XLC,XLE,XLF,XLI,XLK,XLP,XLRE,XLU,XLV,XLY
High Inflation / Falling Rates,0.18976905854757686,0.11111064842924434,0.3231730507838766,0.17725048809691613,0.17513687181267423,0.2904535192888902,0.09667892412803569,0.10229786985263867,0.15127846629541164,0.11221606481944302,0.1342279599212155
High Inflation / Rising Rates,0.07482087640637669,0.18541704395138225,0.016409631531615787,0.12430714803218867,0.13350541511282676,0.22428609136147148,0.09595593966672067,0.09184037560654357,0.13030653103132783,0.11077504326937504,0.14796134848985232
Low Inflation / Falling Rates,0.13106139771698233,,0.11592511030275632,-0.009547176519826284,0.05851014303308344,0.015337672410645098,0.03806436589783546,,-0.013463635892762116,0.07654892016560866,0.0930653262508474
Low Inflation / Rising Rates,0.07650856811382822,,0.19351109588968152,0.1707761705319737,0.12105617207776165,0.022115444372110105,0.13199496345383754,,0.1862846131684579,0.0861921140105828,0.11781585195502409
