vix_regime,XLB,XLC,XLE,XLF,XLI,XLK,XLP,XLRE,XLU,XLV,XLY
calm,0.0009957715565819553,0.00141871377930717,0.0011043439817179743,0.0011365243863273415,0.0010923319417156887,0.001114774390576735,0.000660542994934197,0.001077053317414775,0.0008111360328387906,0.0008205453770377352,0.0011120796158937023
stress,-0.0016608965751954475,-0.0021833671555694886,-0.00177231302858292,-0.0021536850211428113,-0.001974742950523341,-0.0022594840066103338,-0.0010434818615784969,-0.002156332244933514,-0.0010825432936178248,-0.0014812812867528483,-0.0020658135513582187
