rate_regime,XLB,XLC,XLE,XLF,XLI,XLK,XLP,XLRE,XLU,XLV,XLY
falling,0.0005890512734203268,0.0005282310867063238,0.0007201713732051141,0.00035075771558152897,0.0004089779486141442,0.00042794038748683334,0.00018718653731833972,0.0006608274134339237,0.00021123849230413855,0.00030144717787656557,0.0004566877541727406
rising,0.00038883316306339714,0.0006299480262992393,0.000424813477002156,0.0006098959388768103,0.0005573498759761069,0.0005043096834711397,0.0004440658162412489,0.0004098729049948468,0.000617696098920679,0.00041628172320918363,0.000524211707286356
