rate_regime,XLB,XLC,XLE,XLF,XLI,XLK,XLP,XLRE,XLU,XLV,XLY
falling,0.0005986357030653715,0.0005489520954904877,0.0007034150622550711,0.00035157712320623634,0.0004180121031488367,0.00040144183891087094,0.00018072569074131065,0.0006575397252865208,0.00021653323795669383,0.0003180694676193901,0.00045710281636369906
rising,0.0003888359456997156,0.0006299481803891902,0.00042481349874378603,0.0006098951662560106,0.0005573508956868474,0.0005043118169250552,0.0004440667434970105,0.00040987121905834825,0.0006176955420597056,0.0004162816666009595,0.0005242108307323582
