macro_regime,XLB,XLC,XLE,XLF,XLI,XLK,XLP,XLRE,XLU,XLV,XLY
High Inflation / Falling Rates,0.0008744110756312556,0.0005282310867063238,0.0012756118538628457,0.0008553568769764707,0.0007137025575709776,0.0011395236848540955,0.0004658127368048933,0.0006608274134339237,0.0007071842837219943,0.00047609960162086826,0.0006398794377779595
High Inflation / Rising Rates,0.00044255391152501664,0.0006299480262992393,0.00013043771446999655,0.0005579437327704993,0.0006101066159080335,0.0008228663491436669,0.0003805751390971419,0.0004098729049948468,0.0005157019342555869,0.0004506366899291569,0.0005386457521861603
Low Inflation / Falling Rates,0.0004326477278775287,,0.00041573865409125796,7.419073835270547e-05,0.0002419606992127631,3.792697356173531e-05,3.447362841114755e-05,,-6.058563840312252e-05,0.0002057215076889306,0.0003562817803536523
Low Inflation / Rising Rates,0.0003258049826008692,,0.0007701915518800035,0.0006708491667387499,0.0004954527241257419,0.0001305612233972095,0.0005185566223324163,,0.0007373613456033277,0.0003759745587667963,0.000507276880188795
