vix_regime,XLB,XLC,XLE,XLF,XLI,XLK,XLP,XLRE,XLU,XLV,XLY
calm,0.0009897783416621846,0.0014008595920437744,0.0011125642545144617,0.0011344634520153653,0.001086063266034733,0.001127609439334236,0.0006630412310045451,0.0010763731956257312,0.0008070501592676987,0.0008105355400304368,0.0011105050048300469
stress,-0.0016609058058101932,-0.0021833606569945634,-0.001772312048987666,-0.002153681201747534,-0.0019747422300898662,-0.002259484111553232,-0.001043480571719663,-0.0021563236849266912,-0.0010825358813396097,-0.0014812838977272778,-0.002065809761625149
