inflation_regime,XLB,XLC,XLE,XLF,XLI,XLK,XLP,XLRE,XLU,XLV,XLY
high,0.0005966290791107098,0.0005952237896128626,0.0004982953511466356,0.0006596875379628964,0.000654316039237443,0.000905877866251565,0.00040387841781714236,0.0004981769468656679,0.0005863509775597295,0.0004755180745852127,0.000573451246440841
low,0.0003813339878120733,,0.0005859854954078359,0.000360776402583965,0.0003637134133881197,8.24248389267157e-05,0.0002669824766509067,,0.00032267855908449866,0.00028749707625037624,0.00042880431311503647
