inflation_regime,XLB,XLC,XLE,XLF,XLI,XLK,XLP,XLRE,XLU,XLV,XLY
high,0.00042189238687430824,0.000564124565525078,0.0004164371330199942,0.0005264371763175947,0.0005455206284099336,0.0008735676701298923,0.0003645447835262078,0.0003623322211944271,0.0005107076076950987,0.00041871295121048577,0.0005316659007782435
low,0.00039457845457362617,,0.0005635339474624572,0.0002808247751272591,0.0003351284973534333,7.308553050876388e-05,0.0003134141657836299,,0.00029775247943134296,0.0003097454589571621,0.00039587496465025486
