inflation_regime,XLB,XLC,XLE,XLF,XLI,XLK,XLP,XLRE,XLU,XLV,XLY
high,0.0005875487460833984,0.0005860166088446789,0.0005149267276960355,0.0006577993638073955,0.0006448886634709707,0.0009291831636349892,0.00040919342404181156,0.0005000197751578473,0.0005799915973417408,0.0004591857912871377,0.000572634678882551
low,0.00038132979381557547,,0.0005859869043556094,0.0003607733959410876,0.00036371615379257973,8.242038593733306e-05,0.0002669848681611007,,0.00032267848125370357,0.000287496220856741,0.00042880665377349183
