rate_regime,XLB,XLC,XLE,XLF,XLI,XLK,XLP,XLRE,XLU,XLV,XLY
falling,0.0005600161486608033,0.00041818304608168044,0.0006750137440931531,0.00020489805451751522,0.0003726734807002917,0.00039766247150639005,0.0002254961405039476,0.0003865706258733567,0.0001633651531795927,0.0003385809938003305,0.0004051715201817614
rising,0.0002892321747187648,0.0006752066133010687,0.0003579930183612504,0.0005390475937507773,0.0004772304353617421,0.0004736297997311958,0.0004227682846107403,0.000348730198804016,0.000574498040975243,0.000376103992274401,0.0004991055643964175
