macro_regime,XLB,XLC,XLE,XLF,XLI,XLK,XLP,XLRE,XLU,XLV,XLY
High Inflation / Falling Rates,0.0006897584877140262,0.00041818304608168044,0.0011118584440366116,0.0006477558332138979,0.0006406202979274155,0.001012391972060756,0.0003662831488805193,0.0003865706258733567,0.0005591762597784544,0.0004221306587839185,0.0004999352750579594
High Inflation / Rising Rates,0.0002863664755971268,0.0006752066133010687,6.459116743626455e-05,0.00046505642870058495,0.000497405285210058,0.0008033300029983701,0.00036366526369134556,0.000348730198804016,0.00048618506370247925,0.00041698377408834757,0.0005477198992224507
Low Inflation / Falling Rates,0.000488835639164113,,0.00043534773729988547,-3.80669062825958e-05,0.0002256698802763834,6.040356765576803e-05,0.00014825619662835405,,-5.3788602778192216e-05,0.00029274316040525075,0.00035318130324001057
Low Inflation / Rising Rates,0.00029259437287426795,,0.0007022284457837047,0.0006258581583271078,0.0004535601754815669,8.680711938633667e-05,0.0004921112475266349,,0.0006781117550080551,0.00032814155058803827,0.00044206851342029255
