vix_regime,XLB,XLC,XLE,XLF,XLI,XLK,XLP,XLRE,XLU,XLV,XLY
calm,0.0009263191264613029,0.0013667506166791107,0.0010389903418537238,0.0010597649703536357,0.0010255175879713308,0.0011049534784296538,0.0006480968910596514,0.0009966141116379238,0.0007835741834056371,0.0008031074604430828,0.0010767262249876323
stress,-0.0017526490790216644,-0.0021655190427426452,-0.001762684287889713,-0.0023776224070284242,-0.00203839051304954,-0.0023231841621998723,-0.0009576815142463255,-0.0025623375527109985,-0.001218739959631209,-0.0014844250733674737,-0.002114674155792166
