inflation_regime,XLB,XLC,XLE,XLF,XLI,XLK,XLP,XLRE,XLU,XLV,XLY
high,0.1621894627992504,0.1617782111113022,0.13375955851696797,0.18079324013115627,0.17919702681609517,0.25630878686321434,0.10711420429374652,0.13372574688732142,0.1591849670191059,0.12727371162373036,0.15542506197684336
low,0.10084475836069706,,0.15907827179705203,0.09515867044127613,0.09596923293915527,0.02098740527530163,0.06958487347469067,,0.0846982963105054,0.07512706085055054,0.11408732320423631
