macro_regime,XLB,XLC,XLE,XLF,XLI,XLK,XLP,XLRE,XLU,XLV,XLY
High Inflation / Falling Rates,0.2559619923697638,0.1483176658757206,0.36448811151657834,0.24287518041139022,0.205747192039192,0.30993129016800247,0.12018778614101944,0.18015473055639952,0.20117554961415118,0.14149235672322336,0.175859794089275
High Inflation / Rising Rates,0.11795226357482425,0.17198273670616704,0.033414086817117994,0.1509205179529607,0.1661411299257778,0.23032318650186578,0.10063451702430748,0.10878673465659627,0.13874124343167682,0.12023068199064513,0.1453407325351148
Low Inflation / Falling Rates,0.11516682678066825,,0.11042571292334658,0.018872513509047062,0.06286173510931015,0.009604145301956635,0.00872357650912714,,-0.01515166628367648,0.05320371440282745,0.09391862382789218
Low Inflation / Rising Rates,0.08555490384183129,,0.2141130425423461,0.18411720186537694,0.13294854838331616,0.033447850931072054,0.1395605691112185,,0.204116587218637,0.09935981979368602,0.13632672890337005
