macro_regime,XLB,XLC,XLE,XLF,XLI,XLK,XLP,XLRE,XLU,XLV,XLY
High Inflation / Falling Rates,0.0009047813168421615,0.0005489520954904877,0.001234012149832967,0.0008631794262103528,0.0007427338297766645,0.0010719021943546262,0.00045048372880018497,0.0006575397252865208,0.0007276483456143255,0.0005252827188121956,0.0006430623095221983
High Inflation / Rising Rates,0.00044255296024498403,0.0006299481803891902,0.00013043695180346994,0.0005579415938391681,0.0006101071439678323,0.0008228657022000343,0.0003805757623256211,0.00040987121905834825,0.0005157022935324315,0.00045063575247172123,0.0005386457149001624
Low Inflation / Falling Rates,0.00043264917737983625,,0.0004157350722679152,7.419575634371433e-05,0.00024195395045271717,3.793055538440724e-05,3.44678399076706e-05,,-6.058398054225854e-05,0.0002057222508254402,0.00035627899659103606
Low Inflation / Rising Rates,0.0003258121460762553,,0.0007701924939330638,0.0006708499971497245,0.0004954543206688081,0.00013056661896871342,0.0005185579062899547,,0.0007373597138783331,0.0003759755356200309,0.0005072750189587369
